timeStamp,elapsed,label,responseCode,responseMessage,threadName,dataType,success,failureMessage,bytes,sentBytes,grpThreads,allThreads,URL,Latency,IdleTime,Connect
1637838499461,2310,FIr Creation Request,500,Internal Server Error,Firs Test single user 1-1,text,false,,470,20879,1,1,http://localhost:3002/fir,2300,0,71
1637838501832,2037,FIr Creation Request,500,Internal Server Error,Firs Test single user 1-1,text,false,,470,67805,1,1,http://localhost:3002/fir,2037,0,1
1637838503879,2031,FIr Creation Request,500,Internal Server Error,Firs Test single user 1-1,text,false,,470,15984,1,1,http://localhost:3002/fir,2031,0,1
1637838505934,2053,FIr Creation Request,500,Internal Server Error,Firs Test single user 1-1,text,false,,470,77452,1,1,http://localhost:3002/fir,2052,0,1
1637838507997,2045,FIr Creation Request,500,Internal Server Error,Firs Test single user 1-1,text,false,,470,65099,1,1,http://localhost:3002/fir,2045,0,1
1637838510055,2032,FIr Creation Request,500,Internal Server Error,Firs Test single user 1-1,text,false,,470,84536,1,1,http://localhost:3002/fir,2032,0,1
1637838512097,2061,FIr Creation Request,500,Internal Server Error,Firs Test single user 1-1,text,false,,470,46410,1,1,http://localhost:3002/fir,2061,0,0
1637838514176,2033,FIr Creation Request,500,Internal Server Error,Firs Test single user 1-1,text,false,,470,29096,1,1,http://localhost:3002/fir,2033,0,1
1637838516235,2024,FIr Creation Request,500,Internal Server Error,Firs Test single user 1-1,text,false,,470,85460,1,1,http://localhost:3002/fir,2024,0,1
1637838518266,2028,FIr Creation Request,500,Internal Server Error,Firs Test single user 1-1,text,false,,470,36928,1,1,http://localhost:3002/fir,2028,0,1
1637838520303,2034,FIr Creation Request,500,Internal Server Error,Firs Test single user 1-1,text,false,,470,57454,1,1,http://localhost:3002/fir,2033,0,0
1637838522347,2042,FIr Creation Request,500,Internal Server Error,Firs Test single user 1-1,text,false,,470,81588,1,1,http://localhost:3002/fir,2042,0,1
1637838524396,2050,FIr Creation Request,500,Internal Server Error,Firs Test single user 1-1,text,false,,470,23046,1,1,http://localhost:3002/fir,2050,0,0
1637838526466,2037,FIr Creation Request,500,Internal Server Error,Firs Test single user 1-1,text,false,,470,38688,1,1,http://localhost:3002/fir,2037,0,1
1637838528513,2041,FIr Creation Request,500,Internal Server Error,Firs Test single user 1-1,text,false,,470,88155,1,1,http://localhost:3002/fir,2041,0,1
1637838530564,2039,FIr Creation Request,500,Internal Server Error,Firs Test single user 1-1,text,false,,470,29228,1,1,http://localhost:3002/fir,2039,0,1
1637838532611,2048,FIr Creation Request,500,Internal Server Error,Firs Test single user 1-1,text,false,,470,54803,1,1,http://localhost:3002/fir,2048,0,1
1637838534665,2056,FIr Creation Request,500,Internal Server Error,Firs Test single user 1-1,text,false,,470,14928,1,1,http://localhost:3002/fir,2056,0,0
1637838536729,2043,FIr Creation Request,500,Internal Server Error,Firs Test single user 1-1,text,false,,470,37511,1,1,http://localhost:3002/fir,2043,0,1
1637838538786,2034,FIr Creation Request,500,Internal Server Error,Firs Test single user 1-1,text,false,,470,81995,1,1,http://localhost:3002/fir,2034,0,2
1637838540828,2050,FIr Creation Request,500,Internal Server Error,Firs Test single user 1-1,text,false,,470,14972,1,1,http://localhost:3002/fir,2050,0,1
1637838542891,2055,FIr Creation Request,500,Internal Server Error,Firs Test single user 1-1,text,false,,470,88364,1,1,http://localhost:3002/fir,2055,0,2
1637838544957,2046,FIr Creation Request,500,Internal Server Error,Firs Test single user 1-1,text,false,,470,41515,1,1,http://localhost:3002/fir,2046,0,0
1637838547018,2026,FIr Creation Request,500,Internal Server Error,Firs Test single user 1-1,text,false,,470,94315,1,1,http://localhost:3002/fir,2026,0,1
1637838549051,2037,FIr Creation Request,500,Internal Server Error,Firs Test single user 1-1,text,false,,470,33309,1,1,http://localhost:3002/fir,2037,0,1
1637838551100,2035,FIr Creation Request,500,Internal Server Error,Firs Test single user 1-1,text,false,,470,73591,1,1,http://localhost:3002/fir,2035,0,1
1637838553149,2034,FIr Creation Request,500,Internal Server Error,Firs Test single user 1-1,text,false,,470,88815,1,1,http://localhost:3002/fir,2034,0,2
1637838555190,2049,FIr Creation Request,500,Internal Server Error,Firs Test single user 1-1,text,false,,470,20142,1,1,http://localhost:3002/fir,2049,0,1
1637838557249,2029,FIr Creation Request,500,Internal Server Error,Firs Test single user 1-1,text,false,,470,52801,1,1,http://localhost:3002/fir,2029,0,1
1637838559290,2048,FIr Creation Request,500,Internal Server Error,Firs Test single user 1-1,text,false,,470,73965,1,1,http://localhost:3002/fir,2048,0,1
1637838561350,2057,FIr Creation Request,500,Internal Server Error,Firs Test single user 1-1,text,false,,470,71710,1,1,http://localhost:3002/fir,2057,0,1
1637838563415,2036,FIr Creation Request,500,Internal Server Error,Firs Test single user 1-1,text,false,,470,26995,1,1,http://localhost:3002/fir,2036,0,0
1637838565466,2056,FIr Creation Request,500,Internal Server Error,Firs Test single user 1-1,text,false,,470,90542,1,1,http://localhost:3002/fir,2056,0,2
1637838567529,2048,FIr Creation Request,500,Internal Server Error,Firs Test single user 1-1,text,false,,470,41801,1,1,http://localhost:3002/fir,2048,0,1
1637838569583,2046,FIr Creation Request,500,Internal Server Error,Firs Test single user 1-1,text,false,,470,31351,1,1,http://localhost:3002/fir,2046,0,1
1637838571639,2044,FIr Creation Request,500,Internal Server Error,Firs Test single user 1-1,text,false,,470,50810,1,1,http://localhost:3002/fir,2044,0,1
1637838573690,2043,FIr Creation Request,500,Internal Server Error,Firs Test single user 1-1,text,false,,470,21517,1,1,http://localhost:3002/fir,2043,0,1
1637838575743,2044,FIr Creation Request,500,Internal Server Error,Firs Test single user 1-1,text,false,,470,57696,1,1,http://localhost:3002/fir,2044,0,1
1637838577796,2026,FIr Creation Request,500,Internal Server Error,Firs Test single user 1-1,text,false,,470,40679,1,1,http://localhost:3002/fir,2026,0,1
1637838579832,2014,FIr Creation Request,500,Internal Server Error,Firs Test single user 1-1,text,false,,470,50766,1,1,http://localhost:3002/fir,2014,0,1
1637838581879,2043,FIr Creation Request,500,Internal Server Error,Firs Test single user 1-1,text,false,,470,54594,1,1,http://localhost:3002/fir,2043,0,1
1637838583930,2050,FIr Creation Request,500,Internal Server Error,Firs Test single user 1-1,text,false,,470,54638,1,1,http://localhost:3002/fir,2050,0,0
1637838586000,2035,FIr Creation Request,500,Internal Server Error,Firs Test single user 1-1,text,false,,470,59907,1,1,http://localhost:3002/fir,2035,0,1
1637838588038,2046,FIr Creation Request,500,Internal Server Error,Firs Test single user 1-1,text,false,,470,29250,1,1,http://localhost:3002/fir,2046,0,0
1637838590092,2044,FIr Creation Request,500,Internal Server Error,Firs Test single user 1-1,text,false,,470,33914,1,1,http://localhost:3002/fir,2044,0,0
1637838592147,2034,FIr Creation Request,500,Internal Server Error,Firs Test single user 1-1,text,false,,470,91774,1,1,http://localhost:3002/fir,2034,0,1
1637838594191,2041,FIr Creation Request,500,Internal Server Error,Firs Test single user 1-1,text,false,,470,84701,1,1,http://localhost:3002/fir,2041,0,1
1637838596245,2051,FIr Creation Request,500,Internal Server Error,Firs Test single user 1-1,text,false,,470,26874,1,1,http://localhost:3002/fir,2051,0,2
1637838598306,2047,FIr Creation Request,500,Internal Server Error,Firs Test single user 1-1,text,false,,470,79036,1,1,http://localhost:3002/fir,2046,0,1
1637838600360,2039,FIr Creation Request,500,Internal Server Error,Firs Test single user 1-1,text,false,,470,18745,1,1,http://localhost:3002/fir,2039,0,0
1637838602407,2047,FIr Creation Request,500,Internal Server Error,Firs Test single user 1-1,text,false,,470,71941,1,1,http://localhost:3002/fir,2047,0,1
1637838604463,2040,FIr Creation Request,500,Internal Server Error,Firs Test single user 1-1,text,false,,470,56640,1,1,http://localhost:3002/fir,2039,0,1
1637838606511,2020,FIr Creation Request,500,Internal Server Error,Firs Test single user 1-1,text,false,,470,60743,1,1,http://localhost:3002/fir,2020,0,0
1637838608539,2051,FIr Creation Request,500,Internal Server Error,Firs Test single user 1-1,text,false,,470,93732,1,1,http://localhost:3002/fir,2051,0,1
1637838610602,2035,FIr Creation Request,500,Internal Server Error,Firs Test single user 1-1,text,false,,470,90003,1,1,http://localhost:3002/fir,2035,0,1
1637838612647,2041,FIr Creation Request,500,Internal Server Error,Firs Test single user 1-1,text,false,,470,78112,1,1,http://localhost:3002/fir,2041,0,1
1637838614701,2056,FIr Creation Request,500,Internal Server Error,Firs Test single user 1-1,text,false,,470,90894,1,1,http://localhost:3002/fir,2056,0,1
1637838616768,2047,FIr Creation Request,500,Internal Server Error,Firs Test single user 1-1,text,false,,470,85163,1,1,http://localhost:3002/fir,2047,0,1
1637838618821,2053,FIr Creation Request,500,Internal Server Error,Firs Test single user 1-1,text,false,,470,15082,1,1,http://localhost:3002/fir,2052,0,1
1637838620879,2042,FIr Creation Request,500,Internal Server Error,Firs Test single user 1-1,text,false,,470,40283,1,1,http://localhost:3002/fir,2042,0,1
1637838622928,2041,FIr Creation Request,500,Internal Server Error,Firs Test single user 1-1,text,false,,470,80345,1,1,http://localhost:3002/fir,2041,0,1
1637838624976,2038,FIr Creation Request,500,Internal Server Error,Firs Test single user 1-1,text,false,,470,72073,1,1,http://localhost:3002/fir,2038,0,1
1637838627022,2024,FIr Creation Request,500,Internal Server Error,Firs Test single user 1-1,text,false,,470,33716,1,1,http://localhost:3002/fir,2024,0,0
1637838629053,2028,FIr Creation Request,500,Internal Server Error,Firs Test single user 1-1,text,false,,470,79718,1,1,http://localhost:3002/fir,2028,0,1
1637838631087,2057,FIr Creation Request,500,Internal Server Error,Firs Test single user 1-1,text,false,,470,49875,1,1,http://localhost:3002/fir,2057,0,1
1637838633149,2027,FIr Creation Request,500,Internal Server Error,Firs Test single user 1-1,text,false,,470,17821,1,1,http://localhost:3002/fir,2027,0,1
1637838635180,2022,FIr Creation Request,500,Internal Server Error,Firs Test single user 1-1,text,false,,470,21671,1,1,http://localhost:3002/fir,2022,0,1
1637838637209,2040,FIr Creation Request,500,Internal Server Error,Firs Test single user 1-1,text,false,,470,48709,1,1,http://localhost:3002/fir,2040,0,1
1637838639259,2036,FIr Creation Request,500,Internal Server Error,Firs Test single user 1-1,text,false,,470,69389,1,1,http://localhost:3002/fir,2036,0,1
1637838641298,2030,FIr Creation Request,500,Internal Server Error,Firs Test single user 1-1,text,false,,470,37082,1,1,http://localhost:3002/fir,2030,0,1
1637838643332,2045,FIr Creation Request,500,Internal Server Error,Firs Test single user 1-1,text,false,,470,52559,1,1,http://localhost:3002/fir,2045,0,1
1637838645385,2029,FIr Creation Request,500,Internal Server Error,Firs Test single user 1-1,text,false,,470,61469,1,1,http://localhost:3002/fir,2029,0,1
1637838647420,2051,FIr Creation Request,500,Internal Server Error,Firs Test single user 1-1,text,false,,470,13355,1,1,http://localhost:3002/fir,2050,0,2
1637838649476,2032,FIr Creation Request,500,Internal Server Error,Firs Test single user 1-1,text,false,,470,13905,1,1,http://localhost:3002/fir,2031,0,1
1637838651516,2046,FIr Creation Request,500,Internal Server Error,Firs Test single user 1-1,text,false,,470,47983,1,1,http://localhost:3002/fir,2046,0,0
1637838653571,2041,FIr Creation Request,500,Internal Server Error,Firs Test single user 1-1,text,false,,470,51866,1,1,http://localhost:3002/fir,2041,0,1
1637838655620,2038,FIr Creation Request,500,Internal Server Error,Firs Test single user 1-1,text,false,,470,22661,1,1,http://localhost:3002/fir,2038,0,0
1637838657666,2036,FIr Creation Request,500,Internal Server Error,Firs Test single user 1-1,text,false,,470,51470,1,1,http://localhost:3002/fir,2036,0,0
1637838659720,2045,FIr Creation Request,500,Internal Server Error,Firs Test single user 1-1,text,false,,470,52152,1,1,http://localhost:3002/fir,2045,0,1
1637838661776,2038,FIr Creation Request,500,Internal Server Error,Firs Test single user 1-1,text,false,,470,37291,1,1,http://localhost:3002/fir,2038,0,1
1637838663820,2022,FIr Creation Request,500,Internal Server Error,Firs Test single user 1-1,text,false,,470,36378,1,1,http://localhost:3002/fir,2022,0,0
1637838665850,2044,FIr Creation Request,500,Internal Server Error,Firs Test single user 1-1,text,false,,470,61370,1,1,http://localhost:3002/fir,2044,0,1
1637838667900,2027,FIr Creation Request,500,Internal Server Error,Firs Test single user 1-1,text,false,,470,24608,1,1,http://localhost:3002/fir,2027,0,0
1637838669933,2043,FIr Creation Request,500,Internal Server Error,Firs Test single user 1-1,text,false,,470,23772,1,1,http://localhost:3002/fir,2043,0,1
1637838671983,2023,FIr Creation Request,500,Internal Server Error,Firs Test single user 1-1,text,false,,470,41647,1,1,http://localhost:3002/fir,2022,0,1
1637838674011,2017,FIr Creation Request,500,Internal Server Error,Firs Test single user 1-1,text,false,,470,51393,1,1,http://localhost:3002/fir,2017,0,1
1637838676034,2040,FIr Creation Request,500,Internal Server Error,Firs Test single user 1-1,text,false,,470,42725,1,1,http://localhost:3002/fir,2040,0,1
1637838678086,2039,FIr Creation Request,500,Internal Server Error,Firs Test single user 1-1,text,false,,470,81346,1,1,http://localhost:3002/fir,2039,0,1
1637838680135,2031,FIr Creation Request,500,Internal Server Error,Firs Test single user 1-1,text,false,,470,41691,1,1,http://localhost:3002/fir,2031,0,1
1637838682180,2050,FIr Creation Request,500,Internal Server Error,Firs Test single user 1-1,text,false,,470,94172,1,1,http://localhost:3002/fir,2050,0,1
1637838684237,2027,FIr Creation Request,500,Internal Server Error,Firs Test single user 1-1,text,false,,470,24432,1,1,http://localhost:3002/fir,2027,0,1
1637838686274,2026,FIr Creation Request,500,Internal Server Error,Firs Test single user 1-1,text,false,,470,54187,1,1,http://localhost:3002/fir,2025,0,1
1637838688309,2033,FIr Creation Request,500,Internal Server Error,Firs Test single user 1-1,text,false,,470,46245,1,1,http://localhost:3002/fir,2033,0,1
1637838690348,2044,FIr Creation Request,500,Internal Server Error,Firs Test single user 1-1,text,false,,470,19119,1,1,http://localhost:3002/fir,2043,0,1
1637838692400,2019,FIr Creation Request,500,Internal Server Error,Firs Test single user 1-1,text,false,,470,42428,1,1,http://localhost:3002/fir,2019,0,1
1637838694429,2037,FIr Creation Request,500,Internal Server Error,Firs Test single user 1-1,text,false,,470,54154,1,1,http://localhost:3002/fir,2037,0,2
1637838696476,2043,FIr Creation Request,500,Internal Server Error,Firs Test single user 1-1,text,false,,470,69543,1,1,http://localhost:3002/fir,2043,0,1
1637838698525,2052,FIr Creation Request,500,Internal Server Error,Firs Test single user 1-1,text,false,,470,16116,1,1,http://localhost:3002/fir,2051,0,1
1637838700595,2027,FIr Creation Request,500,Internal Server Error,Firs Test single user 1-1,text,false,,470,60545,1,1,http://localhost:3002/fir,2027,0,1
1637838702630,2024,FIr Creation Request,500,Internal Server Error,Firs Test single user 1-1,text,false,,470,52273,1,1,http://localhost:3002/fir,2024,0,1
1637838704662,2031,FIr Creation Request,500,Internal Server Error,Firs Test single user 1-1,text,false,,470,36455,1,1,http://localhost:3002/fir,2031,0,1
1637838706697,2030,FIr Creation Request,500,Internal Server Error,Firs Test single user 1-1,text,false,,470,11254,1,1,http://localhost:3002/fir,2030,0,1
1637838708733,2021,FIr Creation Request,500,Internal Server Error,Firs Test single user 1-1,text,false,,470,16061,1,1,http://localhost:3002/fir,2021,0,0
1637838710767,2038,FIr Creation Request,500,Internal Server Error,Firs Test single user 1-1,text,false,,470,93292,1,1,http://localhost:3002/fir,2038,0,0
1637838712814,2035,FIr Creation Request,500,Internal Server Error,Firs Test single user 1-1,text,false,,470,70280,1,1,http://localhost:3002/fir,2035,0,1
1637838714855,2023,FIr Creation Request,500,Internal Server Error,Firs Test single user 1-1,text,false,,470,37148,1,1,http://localhost:3002/fir,2023,0,1
1637838716888,2051,FIr Creation Request,500,Internal Server Error,Firs Test single user 1-1,text,false,,470,76660,1,1,http://localhost:3002/fir,2051,0,1
1637838718949,2034,FIr Creation Request,500,Internal Server Error,Firs Test single user 1-1,text,false,,470,83106,1,1,http://localhost:3002/fir,2034,0,0
1637838720997,2034,FIr Creation Request,500,Internal Server Error,Firs Test single user 1-1,text,false,,470,78222,1,1,http://localhost:3002/fir,2034,0,1
1637838723039,2024,FIr Creation Request,500,Internal Server Error,Firs Test single user 1-1,text,false,,470,74526,1,1,http://localhost:3002/fir,2024,0,2
1637838725070,2039,FIr Creation Request,500,Internal Server Error,Firs Test single user 1-1,text,false,,470,84382,1,1,http://localhost:3002/fir,2038,0,1
1637838727116,2027,FIr Creation Request,500,Internal Server Error,Firs Test single user 1-1,text,false,,470,47147,1,1,http://localhost:3002/fir,2027,0,0
1637838729150,2022,FIr Creation Request,500,Internal Server Error,Firs Test single user 1-1,text,false,,470,29855,1,1,http://localhost:3002/fir,2022,0,1
1637838731177,2032,FIr Creation Request,500,Internal Server Error,Firs Test single user 1-1,text,false,,470,13003,1,1,http://localhost:3002/fir,2032,0,1
1637838733216,2032,FIr Creation Request,500,Internal Server Error,Firs Test single user 1-1,text,false,,470,38094,1,1,http://localhost:3002/fir,2031,0,0
1637838735254,2033,FIr Creation Request,500,Internal Server Error,Firs Test single user 1-1,text,false,,470,32869,1,1,http://localhost:3002/fir,2032,0,1
1637838737294,2038,FIr Creation Request,500,Internal Server Error,Firs Test single user 1-1,text,false,,470,53087,1,1,http://localhost:3002/fir,2038,0,1
1637838739336,2045,FIr Creation Request,500,Internal Server Error,Firs Test single user 1-1,text,false,,470,17854,1,1,http://localhost:3002/fir,2045,0,1
1637838741392,2034,FIr Creation Request,500,Internal Server Error,Firs Test single user 1-1,text,false,,470,77617,1,1,http://localhost:3002/fir,2034,0,1
1637838743432,2021,FIr Creation Request,500,Internal Server Error,Firs Test single user 1-1,text,false,,470,22518,1,1,http://localhost:3002/fir,2021,0,1
1637838745460,2038,FIr Creation Request,500,Internal Server Error,Firs Test single user 1-1,text,false,,470,56090,1,1,http://localhost:3002/fir,2038,0,1
1637838747506,2047,FIr Creation Request,500,Internal Server Error,Firs Test single user 1-1,text,false,,470,48434,1,1,http://localhost:3002/fir,2047,0,1
1637838749562,2031,FIr Creation Request,500,Internal Server Error,Firs Test single user 1-1,text,false,,470,52284,1,1,http://localhost:3002/fir,2031,0,0
1637838751607,2021,FIr Creation Request,500,Internal Server Error,Firs Test single user 1-1,text,false,,470,23640,1,1,http://localhost:3002/fir,2021,0,0
1637838753638,2023,FIr Creation Request,500,Internal Server Error,Firs Test single user 1-1,text,false,,470,77804,1,1,http://localhost:3002/fir,2023,0,1
1637838755668,2045,FIr Creation Request,500,Internal Server Error,Firs Test single user 1-1,text,false,,470,44276,1,1,http://localhost:3002/fir,2044,0,1
1637838757721,2022,FIr Creation Request,500,Internal Server Error,Firs Test single user 1-1,text,false,,470,62646,1,1,http://localhost:3002/fir,2022,0,1
1637838759748,2024,FIr Creation Request,500,Internal Server Error,Firs Test single user 1-1,text,false,,470,13179,1,1,http://localhost:3002/fir,2024,0,1
1637838761781,2047,FIr Creation Request,500,Internal Server Error,Firs Test single user 1-1,text,false,,470,74911,1,1,http://localhost:3002/fir,2047,0,1
1637838763835,2043,FIr Creation Request,500,Internal Server Error,Firs Test single user 1-1,text,false,,470,83260,1,1,http://localhost:3002/fir,2043,0,1
1637838765887,2034,FIr Creation Request,500,Internal Server Error,Firs Test single user 1-1,text,false,,470,46487,1,1,http://localhost:3002/fir,2034,0,1
1637838767930,2045,FIr Creation Request,500,Internal Server Error,Firs Test single user 1-1,text,false,,470,62514,1,1,http://localhost:3002/fir,2045,0,0
1637838769983,2056,FIr Creation Request,500,Internal Server Error,Firs Test single user 1-1,text,false,,470,70775,1,1,http://localhost:3002/fir,2056,0,0
1637838772044,2044,FIr Creation Request,500,Internal Server Error,Firs Test single user 1-1,text,false,,470,56871,1,1,http://localhost:3002/fir,2044,0,1
1637838774093,2040,FIr Creation Request,500,Internal Server Error,Firs Test single user 1-1,text,false,,470,30174,1,1,http://localhost:3002/fir,2040,0,1
1637838776139,2030,FIr Creation Request,500,Internal Server Error,Firs Test single user 1-1,text,false,,470,62063,1,1,http://localhost:3002/fir,2030,0,1
1637838778179,2024,FIr Creation Request,500,Internal Server Error,Firs Test single user 1-1,text,false,,470,74251,1,1,http://localhost:3002/fir,2024,0,1
1637838780217,2027,FIr Creation Request,500,Internal Server Error,Firs Test single user 1-1,text,false,,470,87990,1,1,http://localhost:3002/fir,2027,0,0
1637838782253,2032,FIr Creation Request,500,Internal Server Error,Firs Test single user 1-1,text,false,,470,72546,1,1,http://localhost:3002/fir,2032,0,1
1637838784292,2028,FIr Creation Request,500,Internal Server Error,Firs Test single user 1-1,text,false,,470,50194,1,1,http://localhost:3002/fir,2028,0,1
1637838786331,2040,FIr Creation Request,500,Internal Server Error,Firs Test single user 1-1,text,false,,470,89255,1,1,http://localhost:3002/fir,2040,0,0
1637838788378,2033,FIr Creation Request,500,Internal Server Error,Firs Test single user 1-1,text,false,,470,36499,1,1,http://localhost:3002/fir,2033,0,1
1637838790420,2045,FIr Creation Request,500,Internal Server Error,Firs Test single user 1-1,text,false,,470,75725,1,1,http://localhost:3002/fir,2045,0,1
1637838792474,2028,FIr Creation Request,500,Internal Server Error,Firs Test single user 1-1,text,false,,470,64879,1,1,http://localhost:3002/fir,2028,0,1
1637838794512,2020,FIr Creation Request,500,Internal Server Error,Firs Test single user 1-1,text,false,,470,79982,1,1,http://localhost:3002/fir,2020,0,1
1637838796541,2028,FIr Creation Request,500,Internal Server Error,Firs Test single user 1-1,text,false,,470,66628,1,1,http://localhost:3002/fir,2028,0,1
1637838798577,2051,FIr Creation Request,500,Internal Server Error,Firs Test single user 1-1,text,false,,470,47928,1,1,http://localhost:3002/fir,2051,0,1
